<?xml version="1.0"?>
<EmpList xmlns:xsi="http://www.w3.org/2001/XMLSchema-instance" xsi:schemaLocation="EMPLOYEE.xsd">
<Emp Employees_Code="101">
<Employees_Name> Preetam </Employees_Name>
<Date_of_Joining> 10-Jan-2010</Date_of_Joining>
<Salary>18000</Salary>
<Grade>A </Grade>
<Department_Code>20</Department_Code>
</Emp>
<Emp Employees_Code="102">
<Employees_Name> Akash </Employees_Name>
<Date_of_Joining> 10-Nov-2005</Date_of_Joining>
<Salary>48000</Salary>
<Grade>C </Grade>
<Department_Code>10</Department_Code>
</Emp>
<Emp Employees_Code="103">
<Employees_Name> Kishore </Employees_Name>
<Date_of_Joining> 19-Dec-2011</Date_of_Joining>
<Salary>42000</Salary>
<Grade>C </Grade>
<Department_Code>40</Department_Code>
</Emp>
<Emp Employees_Code="104">
<Employees_Name> Reena </Employees_Name>
<Date_of_Joining> 23-JUN-2006</Date_of_Joining>
<Salary>33000</Salary>
<Grade>B</Grade>
<Department_Code>20</Department_Code>
</Emp>
<Emp Employees_Code="105">
<Employees_Name> Kailash </Employees_Name>
<Date_of_Joining> 05-Feb-2004</Date_of_Joining>
<Salary>36000</Salary>
<Grade>C</Grade>
<Department_Code>30</Department_Code>
</Emp>
</EmpList>